TIMEOUT_01,Xyw1100g,デイリーデータ登録(個人期間指定),0,0,0,0,0,0
TIMEOUT_02,Xyw1100g,デイリーデータ登録(個人期間指定),0,0,0,0,0,0
TIMEOUT_03,Xyw1100g,デイリーデータ登録(個人期間指定),0,0,0,0,0,0
TIMEOUT_04,Xyw1100g,デイリーデータ登録(個人期間指定),0,0,0,0,0,0
TIMEOUT_05,Xyw1100g,デイリーデータ登録(個人期間指定),0,0,0,0,0,0
TIMEOUT_01,Xyw8100,伝票型届出入力,0,0,0,0,0,0
TIMEOUT_02,Xyw8100,伝票型届出入力,0,0,0,0,0,0
TIMEOUT_03,Xyw8100,伝票型届出入力,0,0,0,0,0,0
TIMEOUT_04,Xyw8100,伝票型届出入力,0,0,0,0,0,0
TIMEOUT_05,Xyw8100,伝票型届出入力,0,0,0,0,0,0
TIMEOUT_01,Xyw8200g,デイリーデータ届出,0,0,0,0,0,0
TIMEOUT_02,Xyw8200g,デイリーデータ届出,0,0,0,0,0,0
TIMEOUT_03,Xyw8200g,デイリーデータ届出,0,0,0,0,0,0
TIMEOUT_04,Xyw8200g,デイリーデータ届出,0,0,0,0,0,0
TIMEOUT_05,Xyw8200g,デイリーデータ届出,0,0,0,0,0,0
LEDGER_081,Xyw1500g,就業週報・月報,0,0,0,0,0,0
LEDGER_082,Xyw1500g,就業週報・月報,0,0,0,0,0,0
LEDGER_083,Xyw1500g,就業週報・月報,0,0,0,0,0,0
LEDGER_084,Xyw1500g,就業週報・月報,0,0,0,0,0,0
LEDGER_085,Xyw1500g,就業週報・月報,0,0,0,0,0,0
LEDGER_086,Xyw1500g,就業週報・月報,0,0,0,0,0,0
LEDGER_087,Xyw1500g,就業週報・月報,0,0,0,0,0,0
LEDGER_088,Xyw1500g,就業週報・月報,0,0,0,0,0,0
LEDGER_089,Xyw1500g,就業週報・月報,0,0,0,0,0,0
LEDGER_090,Xyw1500g,就業週報・月報,0,0,0,0,0,0
LEDGER_091,Xyw1500g,就業週報・月報,0,0,0,0,0,0
LEDGER_092,Xyw1500g,就業週報・月報,0,0,0,0,0,0
LEDGER_093,Xyw1500g,就業週報・月報,0,0,0,0,0,0
LEDGER_094,Xyw1500g,就業週報・月報,0,0,0,0,0,0
LEDGER_095,Xyw1500g,就業週報・月報,0,0,0,0,0,0
LEDGER_096,Xyw1500g,就業週報・月報,0,0,0,0,0,0
LEDGER_097,Xyw1500g,就業週報・月報,0,0,0,0,0,0
LEDGER_098,Xyw1500g,就業週報・月報,0,0,0,0,0,0
LEDGER_099,Xyw1500g,就業週報・月報,0,0,0,0,0,0
LEDGER_100,Xyw1500g,就業週報・月報,0,0,0,0,0,0
LEDGER_101,Xyw1500g,就業週報・月報,0,0,0,0,0,0
LEDGER_102,Xyw1500g,就業週報・月報,0,0,0,0,0,0
LEDGER_103,Xyw1500g,就業週報・月報,0,0,0,0,0,0
LEDGER_104,Xyw1500g,就業週報・月報,0,0,0,0,0,0
LEDGER_105,Xyw1500g,就業週報・月報,0,0,0,0,0,0
LEDGER_106,Xyw1500g,就業週報・月報,0,0,0,0,0,0
LEDGER_107,Xyw1500g,就業週報・月報,0,0,0,0,0,0
LEDGER_108,Xyw1500g,就業週報・月報,0,0,0,0,0,0
LEDGER_109,Xyw1500g,就業週報・月報,0,0,0,0,0,0
LEDGER_110,Xyw1500g,就業週報・月報,0,0,0,0,0,0
LEDGER_111,Xyw1500g,就業週報・月報,0,0,0,0,0,0
LEDGER_112,Xyw1500g,就業週報・月報,0,0,0,0,0,0
LEDGER_113,Xyw1500g,就業週報・月報,0,0,0,0,0,0
LEDGER_114,Xyw1500g,就業週報・月報,0,0,0,0,0,0
LEDGER_115,Xyw1500g,就業週報・月報,0,0,0,0,0,0
LEDGER_116,Xyw1500g,就業週報・月報,0,0,0,0,0,0
LEDGER_117,Xyw1500g,就業週報・月報,0,0,0,0,0,0
LEDGER_118,Xyw1500g,就業週報・月報,0,0,0,0,0,0
LEDGER_119,Xyw1500g,就業週報・月報,0,0,0,0,0,0
LEDGER_120,Xyw1500g,就業週報・月報,0,0,0,0,0,0
LEDGER_121,Xyw1500g,就業週報・月報,0,0,0,0,0,0
LEDGER_122,Xyw1500g,就業週報・月報,0,0,0,0,0,0
LEDGER_123,Xyw1500g,就業週報・月報,0,0,0,0,0,0
LEDGER_124,Xyw1500g,就業週報・月報,0,0,0,0,0,0
LEDGER_125,Xyw1500g,就業週報・月報,0,0,0,0,0,0
LEDGER_126,Xyw1500g,就業週報・月報,0,0,0,0,0,0
LEDGER_127,Xyw1500g,就業週報・月報,0,0,0,0,0,0
LEDGER_128,Xyw1500g,就業週報・月報,0,0,0,0,0,0
LEDGER_129,Xyw1500g,就業週報・月報,0,0,0,0,0,0
LEDGER_130,Xyw1500g,就業週報・月報,0,0,0,0,0,0
LEDGER_131,Xyw1500g,就業週報・月報,0,0,0,0,0,0
LEDGER_132,Xyw1500g,就業週報・月報,0,0,0,0,0,0
LEDGER_133,Xyw1500g,就業週報・月報,0,0,0,0,0,0
LEDGER_134,Xyw1500g,就業週報・月報,0,0,0,0,0,0
LEDGER_135,Xyw1500g,就業週報・月報,0,0,0,0,0,0
LEDGER_136,Xyw1500g,就業週報・月報,0,0,0,0,0,0
LEDGER_137,Xyw1500g,就業週報・月報,0,0,0,0,0,0
LEDGER_138,Xyw1500g,就業週報・月報,0,0,0,0,0,0
LEDGER_139,Xyw1500g,就業週報・月報,0,0,0,0,0,0
LEDGER_140,Xyw1500g,就業週報・月報,0,0,0,0,0,0
LEDGER_141,Xyw1500g,就業週報・月報,0,0,0,0,0,0
LEDGER_142,Xyw1500g,就業週報・月報,0,0,0,0,0,0
LEDGER_143,Xyw1500g,就業週報・月報,0,0,0,0,0,0
LEDGER_144,Xyw1500g,就業週報・月報,0,0,0,0,0,0
LEDGER_145,Xyw1500g,就業週報・月報,0,0,0,0,0,0
LEDGER_146,Xyw1500g,就業週報・月報,0,0,0,0,0,0
LEDGER_147,Xyw1500g,就業週報・月報,0,0,0,0,0,0
LEDGER_148,Xyw1500g,就業週報・月報,0,0,0,0,0,0
LEDGER_149,Xyw1500g,就業週報・月報,0,0,0,0,0,0
LEDGER_150,Xyw1500g,就業週報・月報,0,0,0,0,0,0
LEDGER_151,Xyw1500g,就業週報・月報,0,0,0,0,0,0
LEDGER_152,Xyw1500g,就業週報・月報,0,0,0,0,0,0
LEDGER_153,Xyw1500g,就業週報・月報,0,0,0,0,0,0
LEDGER_154,Xyw1500g,就業週報・月報,0,0,0,0,0,0
LEDGER_155,Xyw1500g,就業週報・月報,0,0,0,0,0,0
LEDGER_156,Xyw1500g,就業週報・月報,0,0,0,0,0,0
LEDGER_157,Xyw1500g,就業週報・月報,0,0,0,0,0,0
LEDGER_158,Xyw1500g,就業週報・月報,0,0,0,0,0,0
LEDGER_159,Xyw1500g,就業週報・月報,0,0,0,0,0,0
LEDGER_160,Xyw1500g,就業週報・月報,0,0,0,0,0,0
IDS_000543,RfxwHldayR,休暇台帳確認,0,0,0,0,0,0
IDS_000546,RfxwHldayR,休暇台帳確認,0,0,0,0,0,0
IDS_000547,RfxwHldayR,休暇台帳確認,0,0,0,0,0,0
IDS_000532,RfxwHldayR,休暇台帳確認,0,0,0,0,0,0
IDS_000531,RfxwHldayR,休暇台帳確認,0,0,0,0,0,0
IDS_000533,RfxwHldayR,休暇台帳確認,0,0,0,0,0,0
IDS_000551,RfxwHldayR,休暇台帳確認,0,0,0,0,0,0
IDS_000552,RfxwHldayR,休暇台帳確認,0,0,0,0,0,0
IDS_000553,RfxwHldayR,休暇台帳確認,0,0,0,0,0,0
IDS_000536,RfxwHldayR,休暇台帳確認,0,0,0,0,0,0
IDS_000537,RfxwHldayR,休暇台帳確認,0,0,0,0,0,0
IDS_000001,RfxwHldayR,休暇台帳確認,0,0,0,0,0,0
IDS_000045,RfxwHldayR,休暇台帳確認,0,0,0,0,0,0
IDS_000565,RfxwHldayR,休暇台帳確認,0,0,0,0,0,0
IDS_000566,RfxwHldayR,休暇台帳確認,0,0,0,0,0,0
IDS_000567,RfxwHldayR,休暇台帳確認,0,0,0,0,0,0
IDS_000554,Xyw8000g,届出参照・届出承認・保管データ参照,0,0,0,0,0,0
IDS_000555,Xyw8000g,届出参照・届出承認・保管データ参照,0,0,0,0,0,0
IDS_000556,Xyw8000g,届出参照・届出承認・保管データ参照,0,0,0,0,0,0
IDS_000555,Xyw8100,伝票型届出入力,0,0,0,0,0,0
IDS_000556,Xyw8100,伝票型届出入力,0,0,0,0,0,0
IDS_000557,Xyw8100,伝票型届出入力,0,0,0,0,0,0
IDS_000558,Xyw8100,伝票型届出入力,0,0,0,0,0,0
IDS_000559,Xyw8100,伝票型届出入力,0,0,0,0,0,0
IDS_000560,Xyw8100,伝票型届出入力,0,0,0,0,0,0
IDS_000561,Xyw8100,伝票型届出入力,0,0,0,0,0,0
IDS_000562,Xyw8100,伝票型届出入力,0,0,0,0,0,0
IDS_000563,Xyw8100,伝票型届出入力,0,0,0,0,0,0
IDS_000555,Xyw8200g,デイリーデータ届出,0,0,0,0,0,0
IDS_000556,Xyw8200g,デイリーデータ届出,0,0,0,0,0,0
IDS_000557,Xyw8200g,デイリーデータ届出,0,0,0,0,0,0
IDS_000558,Xyw8200g,デイリーデータ届出,0,0,0,0,0,0
IDS_000559,Xyw8200g,デイリーデータ届出,0,0,0,0,0,0
IDS_000000,Xyw1100g,デイリーデータ登録(個人期間指定),0,0,0,0,0,0
IDS_000000,Xyw1500g,就業週報・月報,0,0,0,0,0,0
IDS_000000,Xyw8900,届出承認ルート設定,0,0,0,0,0,0
IDS_000000,Xyw8000g,届出参照・届出承認・保管データ参照,0,0,0,0,0,0
IDS_000000,Xyw8100,伝票型届出入力,0,0,0,0,0,0
IDS_000000,Xyw8200g,デイリーデータ届出,0,0,0,0,0,0
IDS_000001,Xyw1100g,デイリーデータ登録(個人期間指定),0,0,0,0,0,0
IDS_000001,Xyw1500g,就業週報・月報,0,0,0,0,0,0
IDS_000001,XgwSelemp,個人選択共通コンポーネント,0,0,0,0,0,0
IDS_000001,Xyw8900,届出承認ルート設定,0,0,0,0,0,0
IDS_000001,Xyw8000g,届出参照・届出承認・保管データ参照,0,0,0,0,0,0
IDS_000001,Xyw8100,伝票型届出入力,0,0,0,0,0,0
IDS_000001,Xyw8200g,デイリーデータ届出,0,0,0,0,0,0
IDS_000002,Xyw1100g,デイリーデータ登録(個人期間指定),0,0,0,0,0,0
IDS_000002,Xyw1500g,就業週報・月報,0,0,0,0,0,0
IDS_000002,Xyw8000g,届出参照・届出承認・保管データ参照,0,0,0,0,0,0
IDS_000004,Xyw1100g,デイリーデータ登録(個人期間指定),0,0,0,0,0,0
IDS_000004,Xyw8900,届出承認ルート設定,0,0,0,0,0,0
IDS_000004,Xyw8100,伝票型届出入力,0,0,0,0,0,0
IDS_000004,Xyw8200g,デイリーデータ届出,0,0,0,0,0,0
IDS_000005,Xyw1100g,デイリーデータ登録(個人期間指定),0,0,0,0,0,0
IDS_000005,Xyw1500g,就業週報・月報,0,0,0,0,0,0
IDS_000006,Xyw1100g,デイリーデータ登録(個人期間指定),0,0,0,0,0,0
IDS_000006,XgwSelemp,個人選択共通コンポーネント,0,0,0,0,0,0
IDS_000006,Xyw8900,届出承認ルート設定,0,0,0,0,0,0
IDS_000006,Xyw8000g,届出参照・届出承認・保管データ参照,0,0,0,0,0,0
IDS_000007,Xyw1100g,デイリーデータ登録(個人期間指定),0,0,0,0,0,0
IDS_000007,Xyw8000g,届出参照・届出承認・保管データ参照,0,0,0,0,0,0
IDS_000007,Xyw8100,伝票型届出入力,0,0,0,0,0,0
IDS_000007,Xyw8200g,デイリーデータ届出,0,0,0,0,0,0
IDS_000008,Xyw1100g,デイリーデータ登録(個人期間指定),0,0,0,0,0,0
IDS_000008,Xyw8100,伝票型届出入力,0,0,0,0,0,0
IDS_000008,Xyw8200g,デイリーデータ届出,0,0,0,0,0,0
IDS_000009,Xyw1100g,デイリーデータ登録(個人期間指定),0,0,0,0,0,0
IDS_000009,Xyw8000g,届出参照・届出承認・保管データ参照,0,0,0,0,0,0
IDS_000009,Xyw8200g,デイリーデータ届出,0,0,0,0,0,0
IDS_000010,Xyw1100g,デイリーデータ登録(個人期間指定),0,0,0,0,0,0
IDS_000010,Xyw8000g,届出参照・届出承認・保管データ参照,0,0,0,0,0,0
IDS_000010,Xyw8200g,デイリーデータ届出,0,0,0,0,0,0
IDS_000011,Xyw1100g,デイリーデータ登録(個人期間指定),0,0,0,0,0,0
IDS_000011,Xyw8200g,デイリーデータ届出,0,0,0,0,0,0
IDS_000012,Xyw1500g,就業週報・月報,0,0,0,0,0,0
DADILY_009,Xyw1100g,デイリーデータ登録(個人期間指定),0,0,0,0,0,0
DADILY_009,Xyw8200g,デイリーデータ届出,0,0,0,0,0,0
DADILY_010,Xyw1100g,デイリーデータ登録(個人期間指定),0,0,0,0,0,0
DADILY_010,Xyw8200g,デイリーデータ届出,0,0,0,0,0,0
DADILY_011,Xyw1100g,デイリーデータ登録(個人期間指定),0,0,0,0,0,0
DADILY_011,Xyw8200g,デイリーデータ届出,0,0,0,0,0,0
DADILY_012,Xyw1100g,デイリーデータ登録(個人期間指定),0,0,0,0,0,0
DADILY_012,Xyw8200g,デイリーデータ届出,0,0,0,0,0,0
DADILY_013,Xyw1100g,デイリーデータ登録(個人期間指定),0,0,0,0,0,0
DADILY_013,Xyw8200g,デイリーデータ届出,0,0,0,0,0,0
DADILY_014,Xyw1100g,デイリーデータ登録(個人期間指定),0,0,0,0,0,0
DADILY_014,Xyw8200g,デイリーデータ届出,0,0,0,0,0,0
DADILY_017,Xyw1100g,デイリーデータ登録(個人期間指定),0,0,0,0,0,0
DADILY_017,Xyw8200g,デイリーデータ届出,0,0,0,0,0,0
DADILY_020,Xyw1100g,デイリーデータ登録(個人期間指定),0,0,0,0,0,0
DADILY_020,Xyw8200g,デイリーデータ届出,0,0,0,0,0,0
DADILY_021,Xyw1100g,デイリーデータ登録(個人期間指定),0,0,0,0,0,0
DADILY_021,Xyw8200g,デイリーデータ届出,0,0,0,0,0,0
DADILY_022,Xyw1100g,デイリーデータ登録(個人期間指定),0,0,0,0,0,0
DADILY_022,Xyw8200g,デイリーデータ届出,0,0,0,0,0,0
DADILY_023,Xyw1100g,デイリーデータ登録(個人期間指定),0,0,0,0,0,0
DADILY_023,Xyw8200g,デイリーデータ届出,0,0,0,0,0,0
DADILY_024,Xyw1100g,デイリーデータ登録(個人期間指定),0,0,0,0,0,0
DADILY_024,Xyw8200g,デイリーデータ届出,0,0,0,0,0,0
DADILY_025,Xyw1100g,デイリーデータ登録(個人期間指定),0,0,0,0,0,0
DADILY_025,Xyw8200g,デイリーデータ届出,0,0,0,0,0,0
DADILY_026,Xyw1100g,デイリーデータ登録(個人期間指定),0,0,0,0,0,0
DADILY_026,Xyw8200g,デイリーデータ届出,0,0,0,0,0,0
DADILY_027,Xyw1100g,デイリーデータ登録(個人期間指定),0,0,0,0,0,0
DADILY_027,Xyw8200g,デイリーデータ届出,0,0,0,0,0,0
IDS_000045,Xyw1100g,デイリーデータ登録(個人期間指定),0,0,0,0,0,0
IDS_000045,Xyw8100,伝票型届出入力,0,0,0,0,0,0
IDS_000045,Xyw8200g,デイリーデータ届出,0,0,0,0,0,0
DADILY_036,Xyw1100g,デイリーデータ登録(個人期間指定),0,0,0,0,0,0
DADILY_036,Xyw8200g,デイリーデータ届出,0,0,0,0,0,0
DADILY_037,Xyw1100g,デイリーデータ登録(個人期間指定),0,0,0,0,0,0
DADILY_037,Xyw8200g,デイリーデータ届出,0,0,0,0,0,0
DADILY_045,Xyw1100g,デイリーデータ登録(個人期間指定),0,0,0,0,0,0
DADILY_045,Xyw8100,伝票型届出入力,0,0,0,0,0,0
DADILY_045,Xyw8200g,デイリーデータ届出,0,0,0,0,0,0
DADILY_049,Xyw1100g,デイリーデータ登録(個人期間指定),0,0,0,0,0,0
DADILY_049,Xyw8100,伝票型届出入力,0,0,0,0,0,0
DADILY_049,Xyw8200g,デイリーデータ届出,0,0,0,0,0,0
DADILY_050,Xyw1100g,デイリーデータ登録(個人期間指定),0,0,0,0,0,0
DADILY_050,Xyw8200g,デイリーデータ届出,0,0,0,0,0,0
DADILY_051,Xyw1100g,デイリーデータ登録(個人期間指定),0,0,0,0,0,0
DADILY_051,Xyw8200g,デイリーデータ届出,0,0,0,0,0,0
DADILY_052,Xyw1100g,デイリーデータ登録(個人期間指定),0,0,0,0,0,0
DADILY_052,Xyw8200g,デイリーデータ届出,0,0,0,0,0,0
DADILY_053,Xyw1100g,デイリーデータ登録(個人期間指定),0,0,0,0,0,0
DADILY_053,Xyw8200g,デイリーデータ届出,0,0,0,0,0,0
DADILY_054,Xyw1100g,デイリーデータ登録(個人期間指定),0,0,0,0,0,0
DADILY_054,Xyw8200g,デイリーデータ届出,0,0,0,0,0,0
DADILY_055,Xyw1100g,デイリーデータ登録(個人期間指定),0,0,0,0,0,0
DADILY_055,Xyw8200g,デイリーデータ届出,0,0,0,0,0,0
DADILY_056,Xyw1100g,デイリーデータ登録(個人期間指定),0,0,0,0,0,0
DADILY_056,Xyw8200g,デイリーデータ届出,0,0,0,0,0,0
DADILY_057,Xyw1100g,デイリーデータ登録(個人期間指定),0,0,0,0,0,0
DADILY_057,Xyw8200g,デイリーデータ届出,0,0,0,0,0,0
DADILY_058,Xyw1100g,デイリーデータ登録(個人期間指定),0,0,0,0,0,0
DADILY_058,Xyw8200g,デイリーデータ届出,0,0,0,0,0,0
DADILY_059,Xyw1100g,デイリーデータ登録(個人期間指定),0,0,0,0,0,0
DADILY_059,Xyw8200g,デイリーデータ届出,0,0,0,0,0,0
DADILY_060,Xyw1100g,デイリーデータ登録(個人期間指定),0,0,0,0,0,0
DADILY_060,Xyw8200g,デイリーデータ届出,0,0,0,0,0,0
DADILY_061,Xyw1100g,デイリーデータ登録(個人期間指定),0,0,0,0,0,0
DADILY_061,Xyw8200g,デイリーデータ届出,0,0,0,0,0,0
DADILY_062,Xyw1100g,デイリーデータ登録(個人期間指定),0,0,0,0,0,0
DADILY_062,Xyw8200g,デイリーデータ届出,0,0,0,0,0,0
DADILY_063,Xyw1100g,デイリーデータ登録(個人期間指定),0,0,0,0,0,0
DADILY_063,Xyw8200g,デイリーデータ届出,0,0,0,0,0,0
DADILY_064,Xyw1100g,デイリーデータ登録(個人期間指定),0,0,0,0,0,0
DADILY_064,Xyw8200g,デイリーデータ届出,0,0,0,0,0,0
DADILY_065,Xyw1100g,デイリーデータ登録(個人期間指定),0,0,0,0,0,0
DADILY_065,Xyw8200g,デイリーデータ届出,0,0,0,0,0,0
DADILY_066,Xyw1100g,デイリーデータ登録(個人期間指定),0,0,0,0,0,0
DADILY_066,Xyw8200g,デイリーデータ届出,0,0,0,0,0,0
DADILY_067,Xyw1100g,デイリーデータ登録(個人期間指定),0,0,0,0,0,0
DADILY_067,Xyw8200g,デイリーデータ届出,0,0,0,0,0,0
DADILY_068,Xyw1100g,デイリーデータ登録(個人期間指定),0,0,0,0,0,0
DADILY_068,Xyw8200g,デイリーデータ届出,0,0,0,0,0,0
DADILY_069,Xyw1100g,デイリーデータ登録(個人期間指定),0,0,0,0,0,0
DADILY_069,Xyw8200g,デイリーデータ届出,0,0,0,0,0,0
DADILY_070,Xyw1100g,デイリーデータ登録(個人期間指定),0,0,0,0,0,0
DADILY_070,Xyw8200g,デイリーデータ届出,0,0,0,0,0,0
DADILY_071,Xyw1100g,デイリーデータ登録(個人期間指定),0,0,0,0,0,0
DADILY_071,Xyw8200g,デイリーデータ届出,0,0,0,0,0,0
DADILY_072,Xyw1100g,デイリーデータ登録(個人期間指定),0,0,0,0,0,0
DADILY_072,Xyw8200g,デイリーデータ届出,0,0,0,0,0,0
DADILY_073,Xyw1100g,デイリーデータ登録(個人期間指定),0,0,0,0,0,0
DADILY_073,Xyw8200g,デイリーデータ届出,0,0,0,0,0,0
DADILY_074,Xyw1100g,デイリーデータ登録(個人期間指定),0,0,0,0,0,0
DADILY_074,Xyw8200g,デイリーデータ届出,0,0,0,0,0,0
DADILY_075,Xyw1100g,デイリーデータ登録(個人期間指定),0,0,0,0,0,0
DADILY_075,Xyw8200g,デイリーデータ届出,0,0,0,0,0,0
DADILY_090,Xyw1100g,デイリーデータ登録(個人期間指定),0,0,0,0,0,0
DADILY_090,Xyw8200g,デイリーデータ届出,0,0,0,0,0,0
DADILY_091,Xyw1100g,デイリーデータ登録(個人期間指定),0,0,0,0,0,0
DADILY_091,Xyw8200g,デイリーデータ届出,0,0,0,0,0,0
DADILY_092,Xyw1100g,デイリーデータ登録(個人期間指定),0,0,0,0,0,0
DADILY_092,Xyw8200g,デイリーデータ届出,0,0,0,0,0,0
DADILY_093,Xyw1100g,デイリーデータ登録(個人期間指定),0,0,0,0,0,0
DADILY_093,Xyw8200g,デイリーデータ届出,0,0,0,0,0,0
DADILY_094,Xyw1100g,デイリーデータ登録(個人期間指定),0,0,0,0,0,0
DADILY_094,Xyw8200g,デイリーデータ届出,0,0,0,0,0,0
DADILY_095,Xyw1100g,デイリーデータ登録(個人期間指定),0,0,0,0,0,0
DADILY_095,Xyw8200g,デイリーデータ届出,0,0,0,0,0,0
DADILY_096,Xyw1100g,デイリーデータ登録(個人期間指定),0,0,0,0,0,0
DADILY_096,Xyw8200g,デイリーデータ届出,0,0,0,0,0,0
DADILY_097,Xyw1100g,デイリーデータ登録(個人期間指定),0,0,0,0,0,0
DADILY_097,Xyw8200g,デイリーデータ届出,0,0,0,0,0,0
DADILY_098,Xyw1100g,デイリーデータ登録(個人期間指定),0,0,0,0,0,0
DADILY_098,Xyw8200g,デイリーデータ届出,0,0,0,0,0,0
DADILY_099,Xyw1100g,デイリーデータ登録(個人期間指定),0,0,0,0,0,0
DADILY_099,Xyw8200g,デイリーデータ届出,0,0,0,0,0,0
IDS_000111,Xyw1500g,就業週報・月報,0,0,0,0,0,0
DADILY_101,Xyw1100g,デイリーデータ登録(個人期間指定),0,0,0,0,0,0
DADILY_101,Xyw8200g,デイリーデータ届出,0,0,0,0,0,0
DADILY_102,Xyw1100g,デイリーデータ登録(個人期間指定),0,0,0,0,0,0
IDS_000540,Xyw1500g,就業週報・月報,0,0,0,0,0,0
DADILY_102,Xyw8200g,デイリーデータ届出,0,0,0,0,0,0
DADILY_103,Xyw1100g,デイリーデータ登録(個人期間指定),0,0,0,0,0,0
DADILY_103,Xyw8200g,デイリーデータ届出,0,0,0,0,0,0
DADILY_104,Xyw1100g,デイリーデータ登録(個人期間指定),0,0,0,0,0,0
DADILY_104,Xyw8200g,デイリーデータ届出,0,0,0,0,0,0
DADILY_105,Xyw1100g,デイリーデータ登録(個人期間指定),0,0,0,0,0,0
DADILY_105,Xyw8200g,デイリーデータ届出,0,0,0,0,0,0
DADILY_106,Xyw1100g,デイリーデータ登録(個人期間指定),0,0,0,0,0,0
DADILY_106,Xyw8200g,デイリーデータ届出,0,0,0,0,0,0
DADILY_107,Xyw1100g,デイリーデータ登録(個人期間指定),0,0,0,0,0,0
DADILY_107,Xyw8200g,デイリーデータ届出,0,0,0,0,0,0
DADILY_108,Xyw1100g,デイリーデータ登録(個人期間指定),0,0,0,0,0,0
DADILY_108,Xyw8200g,デイリーデータ届出,0,0,0,0,0,0
DADILY_109,Xyw1100g,デイリーデータ登録(個人期間指定),0,0,0,0,0,0
DADILY_109,Xyw8200g,デイリーデータ届出,0,0,0,0,0,0
DADILY_110,Xyw1100g,デイリーデータ登録(個人期間指定),0,0,0,0,0,0
DADILY_110,Xyw8200g,デイリーデータ届出,0,0,0,0,0,0
DADILY_111,Xyw1100g,デイリーデータ登録(個人期間指定),0,0,0,0,0,0
DADILY_111,Xyw8200g,デイリーデータ届出,0,0,0,0,0,0
DADILY_112,Xyw1100g,デイリーデータ登録(個人期間指定),0,0,0,0,0,0
DADILY_112,Xyw8200g,デイリーデータ届出,0,0,0,0,0,0
DADILY_113,Xyw1100g,デイリーデータ登録(個人期間指定),0,0,0,0,0,0
DADILY_113,Xyw8200g,デイリーデータ届出,0,0,0,0,0,0
DADILY_114,Xyw1100g,デイリーデータ登録(個人期間指定),0,0,0,0,0,0
DADILY_114,Xyw8200g,デイリーデータ届出,0,0,0,0,0,0
DADILY_115,Xyw1100g,デイリーデータ登録(個人期間指定),0,0,0,0,0,0
DADILY_115,Xyw8200g,デイリーデータ届出,0,0,0,0,0,0
DADILY_116,Xyw1100g,デイリーデータ登録(個人期間指定),0,0,0,0,0,0
DADILY_116,Xyw8200g,デイリーデータ届出,0,0,0,0,0,0
DADILY_117,Xyw1100g,デイリーデータ登録(個人期間指定),0,0,0,0,0,0
DADILY_117,Xyw8200g,デイリーデータ届出,0,0,0,0,0,0
DADILY_118,Xyw1100g,デイリーデータ登録(個人期間指定),0,0,0,0,0,0
DADILY_118,Xyw8200g,デイリーデータ届出,0,0,0,0,0,0
DADILY_119,Xyw1100g,デイリーデータ登録(個人期間指定),0,0,0,0,0,0
DADILY_119,Xyw8200g,デイリーデータ届出,0,0,0,0,0,0
DADILY_120,Xyw1100g,デイリーデータ登録(個人期間指定),0,0,0,0,0,0
DADILY_120,Xyw8200g,デイリーデータ届出,0,0,0,0,0,0
DADILY_121,Xyw1100g,デイリーデータ登録(個人期間指定),0,0,0,0,0,0
DADILY_121,Xyw8200g,デイリーデータ届出,0,0,0,0,0,0
DADILY_122,Xyw1100g,デイリーデータ登録(個人期間指定),0,0,0,0,0,0
DADILY_122,Xyw8200g,デイリーデータ届出,0,0,0,0,0,0
DADILY_123,Xyw1100g,デイリーデータ登録(個人期間指定),0,0,0,0,0,0
DADILY_123,Xyw8200g,デイリーデータ届出,0,0,0,0,0,0
DADILY_124,Xyw1100g,デイリーデータ登録(個人期間指定),0,0,0,0,0,0
DADILY_124,Xyw8200g,デイリーデータ届出,0,0,0,0,0,0
DADILY_125,Xyw1100g,デイリーデータ登録(個人期間指定),0,0,0,0,0,0
DADILY_125,Xyw8200g,デイリーデータ届出,0,0,0,0,0,0
DADILY_126,Xyw1100g,デイリーデータ登録(個人期間指定),0,0,0,0,0,0
DADILY_126,Xyw8200g,デイリーデータ届出,0,0,0,0,0,0
DADILY_127,Xyw1100g,デイリーデータ登録(個人期間指定),0,0,0,0,0,0
DADILY_127,Xyw8200g,デイリーデータ届出,0,0,0,0,0,0
DADILY_128,Xyw1100g,デイリーデータ登録(個人期間指定),0,0,0,0,0,0
DADILY_128,Xyw8200g,デイリーデータ届出,0,0,0,0,0,0
DADILY_129,Xyw1100g,デイリーデータ登録(個人期間指定),0,0,0,0,0,0
DADILY_129,Xyw8200g,デイリーデータ届出,0,0,0,0,0,0
DADILY_130,Xyw1100g,デイリーデータ登録(個人期間指定),0,0,0,0,0,0
DADILY_130,Xyw8200g,デイリーデータ届出,0,0,0,0,0,0
DADILY_131,Xyw1100g,デイリーデータ登録(個人期間指定),0,0,0,0,0,0
DADILY_131,Xyw8200g,デイリーデータ届出,0,0,0,0,0,0
DADILY_132,Xyw1100g,デイリーデータ登録(個人期間指定),0,0,0,0,0,0
DADILY_132,Xyw8200g,デイリーデータ届出,0,0,0,0,0,0
DADILY_133,Xyw1100g,デイリーデータ登録(個人期間指定),0,0,0,0,0,0
DADILY_133,Xyw8200g,デイリーデータ届出,0,0,0,0,0,0
DADILY_134,Xyw1100g,デイリーデータ登録(個人期間指定),0,0,0,0,0,0
DADILY_134,Xyw8200g,デイリーデータ届出,0,0,0,0,0,0
DADILY_135,Xyw1100g,デイリーデータ登録(個人期間指定),0,0,0,0,0,0
DADILY_135,Xyw8200g,デイリーデータ届出,0,0,0,0,0,0
DADILY_136,Xyw1100g,デイリーデータ登録(個人期間指定),0,0,0,0,0,0
DADILY_136,Xyw8200g,デイリーデータ届出,0,0,0,0,0,0
DADILY_137,Xyw1100g,デイリーデータ登録(個人期間指定),0,0,0,0,0,0
DADILY_137,Xyw8200g,デイリーデータ届出,0,0,0,0,0,0
DADILY_138,Xyw1100g,デイリーデータ登録(個人期間指定),0,0,0,0,0,0
DADILY_138,Xyw8200g,デイリーデータ届出,0,0,0,0,0,0
DADILY_139,Xyw1100g,デイリーデータ登録(個人期間指定),0,0,0,0,0,0
DADILY_139,Xyw8200g,デイリーデータ届出,0,0,0,0,0,0
DADILY_140,Xyw1100g,デイリーデータ登録(個人期間指定),0,0,0,0,0,0
DADILY_140,Xyw8200g,デイリーデータ届出,0,0,0,0,0,0
DADILY_141,Xyw1100g,デイリーデータ登録(個人期間指定),0,0,0,0,0,0
DADILY_141,Xyw8200g,デイリーデータ届出,0,0,0,0,0,0
DADILY_142,Xyw1100g,デイリーデータ登録(個人期間指定),0,0,0,0,0,0
DADILY_142,Xyw8200g,デイリーデータ届出,0,0,0,0,0,0
DADILY_143,Xyw1100g,デイリーデータ登録(個人期間指定),0,0,0,0,0,0
DADILY_143,Xyw8200g,デイリーデータ届出,0,0,0,0,0,0
DADILY_144,Xyw1100g,デイリーデータ登録(個人期間指定),0,0,0,0,0,0
DADILY_144,Xyw8200g,デイリーデータ届出,0,0,0,0,0,0
DADILY_145,Xyw1100g,デイリーデータ登録(個人期間指定),0,0,0,0,0,0
DADILY_145,Xyw8200g,デイリーデータ届出,0,0,0,0,0,0
DADILY_146,Xyw1100g,デイリーデータ登録(個人期間指定),0,0,0,0,0,0
DADILY_146,Xyw8200g,デイリーデータ届出,0,0,0,0,0,0
DADILY_147,Xyw1100g,デイリーデータ登録(個人期間指定),0,0,0,0,0,0
DADILY_147,Xyw8200g,デイリーデータ届出,0,0,0,0,0,0
DADILY_148,Xyw1100g,デイリーデータ登録(個人期間指定),0,0,0,0,0,0
DADILY_148,Xyw8200g,デイリーデータ届出,0,0,0,0,0,0
DADILY_149,Xyw1100g,デイリーデータ登録(個人期間指定),0,0,0,0,0,0
DADILY_149,Xyw8200g,デイリーデータ届出,0,0,0,0,0,0
DADILY_150,Xyw1100g,デイリーデータ登録(個人期間指定),0,0,0,0,0,0
DADILY_150,Xyw8200g,デイリーデータ届出,0,0,0,0,0,0
DADILY_151,Xyw1100g,デイリーデータ登録(個人期間指定),0,0,0,0,0,0
DADILY_151,Xyw8200g,デイリーデータ届出,0,0,0,0,0,0
DADILY_152,Xyw1100g,デイリーデータ登録(個人期間指定),0,0,0,0,0,0
DADILY_152,Xyw8200g,デイリーデータ届出,0,0,0,0,0,0
DADILY_153,Xyw1100g,デイリーデータ登録(個人期間指定),0,0,0,0,0,0
DADILY_153,Xyw8200g,デイリーデータ届出,0,0,0,0,0,0
DADILY_154,Xyw1100g,デイリーデータ登録(個人期間指定),0,0,0,0,0,0
DADILY_154,Xyw8200g,デイリーデータ届出,0,0,0,0,0,0
DADILY_155,Xyw1100g,デイリーデータ登録(個人期間指定),0,0,0,0,0,0
DADILY_155,Xyw8200g,デイリーデータ届出,0,0,0,0,0,0
DADILY_156,Xyw1100g,デイリーデータ登録(個人期間指定),0,0,0,0,0,0
DADILY_156,Xyw8200g,デイリーデータ届出,0,0,0,0,0,0
DADILY_157,Xyw1100g,デイリーデータ登録(個人期間指定),0,0,0,0,0,0
DADILY_157,Xyw8200g,デイリーデータ届出,0,0,0,0,0,0
DADILY_158,Xyw1100g,デイリーデータ登録(個人期間指定),0,0,0,0,0,0
DADILY_158,Xyw8200g,デイリーデータ届出,0,0,0,0,0,0
DADILY_159,Xyw1100g,デイリーデータ登録(個人期間指定),0,0,0,0,0,0
DADILY_159,Xyw8200g,デイリーデータ届出,0,0,0,0,0,0
DADILY_160,Xyw1100g,デイリーデータ登録(個人期間指定),0,0,0,0,0,0
DADILY_160,Xyw8200g,デイリーデータ届出,0,0,0,0,0,0
DADILY_161,Xyw1100g,デイリーデータ登録(個人期間指定),0,0,0,0,0,0
DADILY_161,Xyw8200g,デイリーデータ届出,0,0,0,0,0,0
DADILY_162,Xyw1100g,デイリーデータ登録(個人期間指定),0,0,0,0,0,0
DADILY_162,Xyw8200g,デイリーデータ届出,0,0,0,0,0,0
DADILY_163,Xyw1100g,デイリーデータ登録(個人期間指定),0,0,0,0,0,0
DADILY_163,Xyw8200g,デイリーデータ届出,0,0,0,0,0,0
DADILY_164,Xyw1100g,デイリーデータ登録(個人期間指定),0,0,0,0,0,0
DADILY_164,Xyw8200g,デイリーデータ届出,0,0,0,0,0,0
DADILY_166,Xyw1100g,デイリーデータ登録(個人期間指定),0,0,0,0,0,0
DADILY_166,Xyw8200g,デイリーデータ届出,0,0,0,0,0,0
DADILY_167,Xyw1100g,デイリーデータ登録(個人期間指定),0,0,0,0,0,0
DADILY_167,Xyw8200g,デイリーデータ届出,0,0,0,0,0,0
DADILY_168,Xyw1100g,デイリーデータ登録(個人期間指定),0,0,0,0,0,0
DADILY_168,Xyw8200g,デイリーデータ届出,0,0,0,0,0,0
DADILY_172,Xyw1100g,デイリーデータ登録(個人期間指定),0,0,0,0,0,0
DADILY_172,Xyw8200g,デイリーデータ届出,0,0,0,0,0,0
DADILY_173,Xyw1100g,デイリーデータ登録(個人期間指定),0,0,0,0,0,0
DADILY_173,Xyw8200g,デイリーデータ届出,0,0,0,0,0,0
DADILY_174,Xyw1100g,デイリーデータ登録(個人期間指定),0,0,0,0,0,0
DADILY_174,Xyw8200g,デイリーデータ届出,0,0,0,0,0,0
DADILY_175,Xyw1100g,デイリーデータ登録(個人期間指定),0,0,0,0,0,0
DADILY_175,Xyw8200g,デイリーデータ届出,0,0,0,0,0,0
DADILY_176,Xyw1100g,デイリーデータ登録(個人期間指定),0,0,0,0,0,0
DADILY_176,Xyw8200g,デイリーデータ届出,0,0,0,0,0,0
DADILY_177,Xyw1100g,デイリーデータ登録(個人期間指定),0,0,0,0,0,0
DADILY_177,Xyw8200g,デイリーデータ届出,0,0,0,0,0,0
DADILY_178,Xyw1100g,デイリーデータ登録(個人期間指定),0,0,0,0,0,0
DADILY_178,Xyw8200g,デイリーデータ届出,0,0,0,0,0,0
DADILY_179,Xyw1100g,デイリーデータ登録(個人期間指定),0,0,0,0,0,0
DADILY_179,Xyw8200g,デイリーデータ届出,0,0,0,0,0,0
DADILY_180,Xyw1100g,デイリーデータ登録(個人期間指定),0,0,0,0,0,0
DADILY_180,Xyw8200g,デイリーデータ届出,0,0,0,0,0,0
DADILY_181,Xyw1100g,デイリーデータ登録(個人期間指定),0,0,0,0,0,0
DADILY_181,Xyw8200g,デイリーデータ届出,0,0,0,0,0,0
DADILY_182,Xyw1100g,デイリーデータ登録(個人期間指定),0,0,0,0,0,0
DADILY_182,Xyw8200g,デイリーデータ届出,0,0,0,0,0,0
DADILY_183,Xyw1100g,デイリーデータ登録(個人期間指定),0,0,0,0,0,0
DADILY_183,Xyw8200g,デイリーデータ届出,0,0,0,0,0,0
DADILY_184,Xyw1100g,デイリーデータ登録(個人期間指定),0,0,0,0,0,0
DADILY_184,Xyw8200g,デイリーデータ届出,0,0,0,0,0,0
DADILY_185,Xyw1100g,デイリーデータ登録(個人期間指定),0,0,0,0,0,0
DADILY_185,Xyw8200g,デイリーデータ届出,0,0,0,0,0,0
DADILY_186,Xyw1100g,デイリーデータ登録(個人期間指定),0,0,0,0,0,0
DADILY_186,Xyw8200g,デイリーデータ届出,0,0,0,0,0,0
DADILY_187,Xyw1100g,デイリーデータ登録(個人期間指定),0,0,0,0,0,0
DADILY_187,Xyw8200g,デイリーデータ届出,0,0,0,0,0,0
DADILY_192,Xyw1100g,デイリーデータ登録(個人期間指定),0,0,0,0,0,0
DADILY_192,Xyw8200g,デイリーデータ届出,0,0,0,0,0,0
DADILY_193,Xyw1100g,デイリーデータ登録(個人期間指定),0,0,0,0,0,0
DADILY_193,Xyw8200g,デイリーデータ届出,0,0,0,0,0,0
DADILY_194,Xyw1100g,デイリーデータ登録(個人期間指定),0,0,0,0,0,0
DADILY_194,Xyw8200g,デイリーデータ届出,0,0,0,0,0,0
DADILY_195,Xyw1100g,デイリーデータ登録(個人期間指定),0,0,0,0,0,0
DADILY_195,Xyw8200g,デイリーデータ届出,0,0,0,0,0,0
DADILY_196,Xyw1100g,デイリーデータ登録(個人期間指定),0,0,0,0,0,0
DADILY_196,Xyw8200g,デイリーデータ届出,0,0,0,0,0,0
DADILY_197,Xyw1100g,デイリーデータ登録(個人期間指定),0,0,0,0,0,0
DADILY_197,Xyw8200g,デイリーデータ届出,0,0,0,0,0,0
DADILY_198,Xyw1100g,デイリーデータ登録(個人期間指定),0,0,0,0,0,0
DADILY_198,Xyw8200g,デイリーデータ届出,0,0,0,0,0,0
DADILY_199,Xyw1100g,デイリーデータ登録(個人期間指定),0,0,0,0,0,0
DADILY_199,Xyw8200g,デイリーデータ届出,0,0,0,0,0,0
DADILY_200,Xyw1100g,デイリーデータ登録(個人期間指定),0,0,0,0,0,0
DADILY_200,Xyw8200g,デイリーデータ届出,0,0,0,0,0,0
DADILY_201,Xyw1100g,デイリーデータ登録(個人期間指定),0,0,0,0,0,0
DADILY_201,Xyw8200g,デイリーデータ届出,0,0,0,0,0,0
DADILY_202,Xyw1100g,デイリーデータ登録(個人期間指定),0,0,0,0,0,0
DADILY_202,Xyw8200g,デイリーデータ届出,0,0,0,0,0,0
DADILY_203,Xyw1100g,デイリーデータ登録(個人期間指定),0,0,0,0,0,0
DADILY_203,Xyw8200g,デイリーデータ届出,0,0,0,0,0,0
DADILY_204,Xyw1100g,デイリーデータ登録(個人期間指定),0,0,0,0,0,0
DADILY_204,Xyw8200g,デイリーデータ届出,0,0,0,0,0,0
DADILY_205,Xyw1100g,デイリーデータ登録(個人期間指定),0,0,0,0,0,0
DADILY_205,Xyw8200g,デイリーデータ届出,0,0,0,0,0,0
IDS_000238,Xyw1500g,就業週報・月報,0,0,0,0,0,0
IDS_000256,Xyw1500g,就業週報・月報,0,0,0,0,0,0
IDS_000257,Xyw1500g,就業週報・月報,0,0,0,0,0,0
IDS_000258,Xyw1500g,就業週報・月報,0,0,0,0,0,0
IDS_000259,Xyw1500g,就業週報・月報,0,0,0,0,0,0
IDS_000260,Xyw1500g,就業週報・月報,0,0,0,0,0,0
IDS_000261,Xyw1500g,就業週報・月報,0,0,0,0,0,0
IDS_000262,Xyw1500g,就業週報・月報,0,0,0,0,0,0
IDS_000263,Xyw1500g,就業週報・月報,0,0,0,0,0,0
IDS_000264,Xyw1500g,就業週報・月報,0,0,0,0,0,0
IDS_000265,Xyw1500g,就業週報・月報,0,0,0,0,0,0
IDS_000266,Xyw1500g,就業週報・月報,0,0,0,0,0,0
IDS_000267,Xyw1500g,就業週報・月報,0,0,0,0,0,0
IDS_000268,Xyw1500g,就業週報・月報,0,0,0,0,0,0
IDS_000269,Xyw1500g,就業週報・月報,0,0,0,0,0,0
IDS_000270,Xyw1500g,就業週報・月報,0,0,0,0,0,0
IDS_000271,Xyw1500g,就業週報・月報,0,0,0,0,0,0
IDS_000272,Xyw1500g,就業週報・月報,0,0,0,0,0,0
IDS_000273,Xyw1500g,就業週報・月報,0,0,0,0,0,0
IDS_000275,Xyw1500g,就業週報・月報,0,0,0,0,0,0
IDS_000276,Xyw1500g,就業週報・月報,0,0,0,0,0,0
IDS_000277,Xyw1500g,就業週報・月報,0,0,0,0,0,0
IDS_000278,Xyw1500g,就業週報・月報,0,0,0,0,0,0
IDS_000279,Xyw1500g,就業週報・月報,0,0,0,0,0,0
IDS_000280,Xyw1500g,就業週報・月報,0,0,0,0,0,0
IDS_000281,Xyw1500g,就業週報・月報,0,0,0,0,0,0
IDS_000282,Xyw1500g,就業週報・月報,0,0,0,0,0,0
IDS_000283,Xyw1500g,就業週報・月報,0,0,0,0,0,0
IDS_000284,Xyw1500g,就業週報・月報,0,0,0,0,0,0
IDS_000285,Xyw1500g,就業週報・月報,0,0,0,0,0,0
IDS_000286,Xyw1500g,就業週報・月報,0,0,0,0,0,0
IDS_000287,Xyw1500g,就業週報・月報,0,0,0,0,0,0
IDS_000288,Xyw1500g,就業週報・月報,0,0,0,0,0,0
IDS_000289,Xyw1500g,就業週報・月報,0,0,0,0,0,0
IDS_000290,Xyw1500g,就業週報・月報,0,0,0,0,0,0
IDS_000291,Xyw1500g,就業週報・月報,0,0,0,0,0,0
IDS_000330,Xyw1500g,就業週報・月報,0,0,0,0,0,0
IDS_000331,Xyw1500g,就業週報・月報,0,0,0,0,0,0
IDS_000332,Xyw1500g,就業週報・月報,0,0,0,0,0,0
IDS_000334,Xyw1500g,就業週報・月報,0,0,0,0,0,0
IDS_000358,Xyw1500g,就業週報・月報,0,0,0,0,0,0
IDS_000360,XgwSelemp,個人選択共通コンポーネント,0,0,0,0,0,0
IDS_000360,Xyw8900,届出承認ルート設定,0,0,0,0,0,0
IDS_000360,Xyw8000g,届出参照・届出承認・保管データ参照,0,0,0,0,0,0
IDS_000384,XgwSelemp,個人選択共通コンポーネント,0,0,0,0,0,0
IDS_000385,XgwSelemp,個人選択共通コンポーネント,0,0,0,0,0,0
IDS_000386,XgwSelemp,個人選択共通コンポーネント,0,0,0,0,0,0
IDS_000387,XgwSelemp,個人選択共通コンポーネント,0,0,0,0,0,0
IDS_000539,Xyw8000g,届出参照・届出承認・保管データ参照,0,0,0,0,0,0
IDS_000388,XgwSelemp,個人選択共通コンポーネント,0,0,0,0,0,0
IDS_000389,XgwSelemp,個人選択共通コンポーネント,0,0,0,0,0,0
IDS_000390,XgwSelemp,個人選択共通コンポーネント,0,0,0,0,0,0
IDS_000391,XgwSelemp,個人選択共通コンポーネント,0,0,0,0,0,0
IDS_000391,Xyw8000g,届出参照・届出承認・保管データ参照,0,0,0,0,0,0
IDS_000392,XgwSelemp,個人選択共通コンポーネント,0,0,0,0,0,0
IDS_000393,XgwSelemp,個人選択共通コンポーネント,0,0,0,0,0,0
IDS_000394,XgwSelemp,個人選択共通コンポーネント,0,0,0,0,0,0
IDS_000395,XgwSelemp,個人選択共通コンポーネント,0,0,0,0,0,0
IDS_000396,XgwSelemp,個人選択共通コンポーネント,0,0,0,0,0,0
IDS_000400,Xyw8900,届出承認ルート設定,0,0,0,0,0,0
IDS_000400,Xyw8100,伝票型届出入力,0,0,0,0,0,0
IDS_000400,Xyw8200g,デイリーデータ届出,0,0,0,0,0,0
IDS_000401,Xyw8900,届出承認ルート設定,0,0,0,0,0,0
IDS_000402,Xyw8900,届出承認ルート設定,0,0,0,0,0,0
IDS_000403,Xyw8900,届出承認ルート設定,0,0,0,0,0,0
IDS_000404,Xyw8900,届出承認ルート設定,0,0,0,0,0,0
IDS_000405,Xyw8900,届出承認ルート設定,0,0,0,0,0,0
IDS_000406,Xyw8900,届出承認ルート設定,0,0,0,0,0,0
IDS_000406,Xyw8000g,届出参照・届出承認・保管データ参照,0,0,0,0,0,0
IDS_000407,Xyw8900,届出承認ルート設定,0,0,0,0,0,0
IDS_000408,Xyw8900,届出承認ルート設定,0,0,0,0,0,0
IDS_000409,Xyw8900,届出承認ルート設定,0,0,0,0,0,0
IDS_000410,Xyw8900,届出承認ルート設定,0,0,0,0,0,0
IDS_000412,Xyw8900,届出承認ルート設定,0,0,0,0,0,0
IDS_000416,Xyw8000g,届出参照・届出承認・保管データ参照,0,0,0,0,0,0
IDS_000417,Xyw8000g,届出参照・届出承認・保管データ参照,0,0,0,0,0,0
IDS_000418,Xyw8000g,届出参照・届出承認・保管データ参照,0,0,0,0,0,0
IDS_000419,Xyw8000g,届出参照・届出承認・保管データ参照,0,0,0,0,0,0
IDS_000420,Xyw8000g,届出参照・届出承認・保管データ参照,0,0,0,0,0,0
IDS_000420,Xyw8100,伝票型届出入力,0,0,0,0,0,0
IDS_000420,Xyw8200g,デイリーデータ届出,0,0,0,0,0,0
IDS_000421,Xyw8000g,届出参照・届出承認・保管データ参照,0,0,0,0,0,0
IDS_000421,Xyw8100,伝票型届出入力,0,0,0,0,0,0
IDS_000421,Xyw8200g,デイリーデータ届出,0,0,0,0,0,0
IDS_000422,Xyw8000g,届出参照・届出承認・保管データ参照,0,0,0,0,0,0
IDS_000422,Xyw8100,伝票型届出入力,0,0,0,0,0,0
IDS_000422,Xyw8200g,デイリーデータ届出,0,0,0,0,0,0
IDS_000423,Xyw8000g,届出参照・届出承認・保管データ参照,0,0,0,0,0,0
IDS_000423,Xyw8100,伝票型届出入力,0,0,0,0,0,0
IDS_000423,Xyw8200g,デイリーデータ届出,0,0,0,0,0,0
IDS_000424,Xyw8000g,届出参照・届出承認・保管データ参照,0,0,0,0,0,0
IDS_000424,Xyw8100,伝票型届出入力,0,0,0,0,0,0
IDS_000424,Xyw8200g,デイリーデータ届出,0,0,0,0,0,0
IDS_000425,Xyw8000g,届出参照・届出承認・保管データ参照,0,0,0,0,0,0
IDS_000426,Xyw8000g,届出参照・届出承認・保管データ参照,0,0,0,0,0,0
IDS_000427,Xyw8000g,届出参照・届出承認・保管データ参照,0,0,0,0,0,0
IDS_000428,Xyw8000g,届出参照・届出承認・保管データ参照,0,0,0,0,0,0
IDS_000429,Xyw8000g,届出参照・届出承認・保管データ参照,0,0,0,0,0,0
IDS_000430,Xyw8000g,届出参照・届出承認・保管データ参照,0,0,0,0,0,0
IDS_000431,Xyw8000g,届出参照・届出承認・保管データ参照,0,0,0,0,0,0
IDS_000432,Xyw8000g,届出参照・届出承認・保管データ参照,0,0,0,0,0,0
IDS_000433,Xyw8000g,届出参照・届出承認・保管データ参照,0,0,0,0,0,0
IDS_000434,Xyw8000g,届出参照・届出承認・保管データ参照,0,0,0,0,0,0
IDS_000435,Xyw8000g,届出参照・届出承認・保管データ参照,0,0,0,0,0,0
IDS_000437,Xyw8000g,届出参照・届出承認・保管データ参照,0,0,0,0,0,0
IDS_000438,Xyw8000g,届出参照・届出承認・保管データ参照,0,0,0,0,0,0
IDS_000439,Xyw8000g,届出参照・届出承認・保管データ参照,0,0,0,0,0,0
IDS_000440,Xyw8000g,届出参照・届出承認・保管データ参照,0,0,0,0,0,0
IDS_000441,Xyw8000g,届出参照・届出承認・保管データ参照,0,0,0,0,0,0
IDS_000442,Xyw8000g,届出参照・届出承認・保管データ参照,0,0,0,0,0,0
IDS_000443,Xyw8000g,届出参照・届出承認・保管データ参照,0,0,0,0,0,0
IDS_000444,Xyw8000g,届出参照・届出承認・保管データ参照,0,0,0,0,0,0
IDS_000447,Xyw8000g,届出参照・届出承認・保管データ参照,0,0,0,0,0,0
IDS_000448,Xyw8000g,届出参照・届出承認・保管データ参照,0,0,0,0,0,0
IDS_000449,Xyw8000g,届出参照・届出承認・保管データ参照,0,0,0,0,0,0
IDS_000449,Xyw8100,伝票型届出入力,0,0,0,0,0,0
IDS_000449,Xyw8200g,デイリーデータ届出,0,0,0,0,0,0
IDS_000450,Xyw8000g,届出参照・届出承認・保管データ参照,0,0,0,0,0,0
IDS_000450,Xyw8100,伝票型届出入力,0,0,0,0,0,0
IDS_000450,Xyw8200g,デイリーデータ届出,0,0,0,0,0,0
IDS_000451,Xyw8000g,届出参照・届出承認・保管データ参照,0,0,0,0,0,0
IDS_000451,Xyw8100,伝票型届出入力,0,0,0,0,0,0
IDS_000451,Xyw8200g,デイリーデータ届出,0,0,0,0,0,0
IDS_000452,Xyw8000g,届出参照・届出承認・保管データ参照,0,0,0,0,0,0
IDS_000452,Xyw8100,伝票型届出入力,0,0,0,0,0,0
IDS_000452,Xyw8200g,デイリーデータ届出,0,0,0,0,0,0
IDS_000453,Xyw8000g,届出参照・届出承認・保管データ参照,0,0,0,0,0,0
IDS_000454,Xyw8000g,届出参照・届出承認・保管データ参照,0,0,0,0,0,0
IDS_000455,Xyw8000g,届出参照・届出承認・保管データ参照,0,0,0,0,0,0
IDS_000456,Xyw8000g,届出参照・届出承認・保管データ参照,0,0,0,0,0,0
IDS_000457,Xyw8000g,届出参照・届出承認・保管データ参照,0,0,0,0,0,0
IDS_000458,Xyw8000g,届出参照・届出承認・保管データ参照,0,0,0,0,0,0
IDS_000459,Xyw8000g,届出参照・届出承認・保管データ参照,0,0,0,0,0,0
IDS_000460,Xyw8000g,届出参照・届出承認・保管データ参照,0,0,0,0,0,0
IDS_000469,Xyw8100,伝票型届出入力,0,0,0,0,0,0
IDS_000469,Xyw8200g,デイリーデータ届出,0,0,0,0,0,0
IDS_000470,Xyw8100,伝票型届出入力,0,0,0,0,0,0
IDS_000471,Xyw8100,伝票型届出入力,0,0,0,0,0,0
IDS_000472,Xyw8100,伝票型届出入力,0,0,0,0,0,0
IDS_000473,Xyw8100,伝票型届出入力,0,0,0,0,0,0
IDS_000474,Xyw8100,伝票型届出入力,0,0,0,0,0,0
IDS_000475,Xyw8100,伝票型届出入力,0,0,0,0,0,0
IDS_000476,Xyw8100,伝票型届出入力,0,0,0,0,0,0
IDS_000477,Xyw8100,伝票型届出入力,0,0,0,0,0,0
IDS_000478,Xyw8100,伝票型届出入力,0,0,0,0,0,0
IDS_000479,Xyw8100,伝票型届出入力,0,0,0,0,0,0
IDS_000480,Xyw8100,伝票型届出入力,0,0,0,0,0,0
IDS_000481,Xyw8100,伝票型届出入力,0,0,0,0,0,0
IDS_000482,Xyw8100,伝票型届出入力,0,0,0,0,0,0
IDS_000483,Xyw8100,伝票型届出入力,0,0,0,0,0,0
IDS_000484,Xyw8100,伝票型届出入力,0,0,0,0,0,0
IDS_000485,Xyw8100,伝票型届出入力,0,0,0,0,0,0
IDS_000486,Xyw8100,伝票型届出入力,0,0,0,0,0,0
IDS_000487,Xyw8100,伝票型届出入力,0,0,0,0,0,0
IDS_000499,Xyw8100,伝票型届出入力,0,0,0,0,0,0
IDS_000499,Xyw8200g,デイリーデータ届出,0,0,0,0,0,0
IDS_000500,Xyw8100,伝票型届出入力,0,0,0,0,0,0
IDS_000500,Xyw8200g,デイリーデータ届出,0,0,0,0,0,0
IDS_000501,Xyw8100,伝票型届出入力,0,0,0,0,0,0
IDS_000501,Xyw8200g,デイリーデータ届出,0,0,0,0,0,0
IDS_000502,Xyw8100,伝票型届出入力,0,0,0,0,0,0
IDS_000506,Xyw8100,伝票型届出入力,0,0,0,0,0,0
IDS_000506,Xyw8200g,デイリーデータ届出,0,0,0,0,0,0
IDS_000507,Xyw8100,伝票型届出入力,0,0,0,0,0,0
IDS_000508,Xyw8100,伝票型届出入力,0,0,0,0,0,0
IDS_000508,Xyw8200g,デイリーデータ届出,0,0,0,0,0,0
IDS_000509,Xyw8100,伝票型届出入力,0,0,0,0,0,0
IDS_000510,Xyw8200g,デイリーデータ届出,0,0,0,0,0,0
IDS_000525,Xyw1100g,デイリーデータ登録(個人期間指定),0,0,0,0,0,0
IDS_000525,Xyw1500g,就業週報・月報,0,0,0,0,0,0
IDS_000525,Xyw8900,届出承認ルート設定,0,0,0,0,0,0
IDS_000526,Xyw1100g,デイリーデータ登録(個人期間指定),0,0,0,0,0,0
IDS_000526,Xyw1500g,就業週報・月報,0,0,0,0,0,0
IDS_000526,Xyw8900,届出承認ルート設定,0,0,0,0,0,0
IDS_000527,Xyw1100g,デイリーデータ登録(個人期間指定),0,0,0,0,0,0
IDS_000527,Xyw1500g,就業週報・月報,0,0,0,0,0,0
IDS_000527,Xyw8900,届出承認ルート設定,0,0,0,0,0,0
IDS_000528,Xyw1100g,デイリーデータ登録(個人期間指定),0,0,0,0,0,0
IDS_000528,Xyw1500g,就業週報・月報,0,0,0,0,0,0
IDS_000528,Xyw8900,届出承認ルート設定,0,0,0,0,0,0
IDS_000403,RouteRefx,届出承認ルート参照,0,0,0,0,0,0
IDS_000404,RouteRefx,届出承認ルート参照,0,0,0,0,0,0
IDS_000405,RouteRefx,届出承認ルート参照,0,0,0,0,0,0
IDS_000000,RouteRefx,届出承認ルート参照,0,0,0,0,0,0
IDS_000406,RouteRefx,届出承認ルート参照,0,0,0,0,0,0
IDS_000001,RouteRefx,届出承認ルート参照,0,0,0,0,0,0
IDS_000000,RfxwHlday,休暇共通,0,0,0,0,0,0
IDS_000406,RfxwHlday,休暇共通,0,0,0,0,0,0
IDS_000531,RfxwHlday,休暇共通,0,0,0,0,0,0
IDS_000532,RfxwHlday,休暇共通,0,0,0,0,0,0
IDS_000533,RfxwHlday,休暇共通,0,0,0,0,0,0
IDS_000534,RfxwHlday,休暇共通,0,0,0,0,0,0
IDS_000535,RfxwHlday,休暇共通,0,0,0,0,0,0
IDS_000536,RfxwHlday,休暇共通,0,0,0,0,0,0
IDS_000537,RfxwHlday,休暇共通,0,0,0,0,0,0
IDS_000001,RfxwHlday,休暇共通,0,0,0,0,0,0
IDS_000006,XgwSeldep,所属選択,0,0,0,0,0,0
IDS_000392,XgwSeldep,所属選択,0,0,0,0,0,0
IDS_000393,XgwSeldep,所属選択,0,0,0,0,0,0
IDS_000394,XgwSeldep,所属選択,0,0,0,0,0,0
IDS_000001,XgwSeldep,所属選択,0,0,0,0,0,0
IDS_000395,XgwSeldep,所属選択,0,0,0,0,0,0
IDS_000360,XgwSeldep,所属選択,0,0,0,0,0,0
IDS_000006,Xyw1500g,就業週報・月報,0,0,0,0,0,0
TIMENUM_01,Xyw1100g,デイリーデータ登録(個人期間指定),0,0,0,0,0,0
TIMENUM_02,Xyw1100g,デイリーデータ登録(個人期間指定),0,0,0,0,0,0
TIMENUM_03,Xyw1100g,デイリーデータ登録(個人期間指定),0,0,0,0,0,0
TIMENUM_04,Xyw1100g,デイリーデータ登録(個人期間指定),0,0,0,0,0,0
TIMENUM_05,Xyw1100g,デイリーデータ登録(個人期間指定),0,0,0,0,0,0
TIMENUM_06,Xyw1100g,デイリーデータ登録(個人期間指定),0,0,0,0,0,0
TIMENUM_07,Xyw1100g,デイリーデータ登録(個人期間指定),0,0,0,0,0,0
TIMENUM_08,Xyw1100g,デイリーデータ登録(個人期間指定),0,0,0,0,0,0
TIMENUM_09,Xyw1100g,デイリーデータ登録(個人期間指定),0,0,0,0,0,0
TIMENUM_10,Xyw1100g,デイリーデータ登録(個人期間指定),0,0,0,0,0,0
TIMENUM_11,Xyw1100g,デイリーデータ登録(個人期間指定),0,0,0,0,0,0
TIMENUM_12,Xyw1100g,デイリーデータ登録(個人期間指定),0,0,0,0,0,0
TIMENUM_13,Xyw1100g,デイリーデータ登録(個人期間指定),0,0,0,0,0,0
TIMENUM_14,Xyw1100g,デイリーデータ登録(個人期間指定),0,0,0,0,0,0
TIMENUM_15,Xyw1100g,デイリーデータ登録(個人期間指定),0,0,0,0,0,0
TIMENUM_16,Xyw1100g,デイリーデータ登録(個人期間指定),0,0,0,0,0,0
TIMENUM_17,Xyw1100g,デイリーデータ登録(個人期間指定),0,0,0,0,0,0
TIMENUM_18,Xyw1100g,デイリーデータ登録(個人期間指定),0,0,0,0,0,0
TIMENUM_19,Xyw1100g,デイリーデータ登録(個人期間指定),0,0,0,0,0,0
TIMENUM_20,Xyw1100g,デイリーデータ登録(個人期間指定),0,0,0,0,0,0
ADDDATA_01,Xyw1100g,デイリーデータ登録(個人期間指定),0,0,0,0,0,0
ADDDATA_02,Xyw1100g,デイリーデータ登録(個人期間指定),0,0,0,0,0,0
ADDDATA_03,Xyw1100g,デイリーデータ登録(個人期間指定),0,0,0,0,0,0
ADDDATA_04,Xyw1100g,デイリーデータ登録(個人期間指定),0,0,0,0,0,0
ADDDATA_05,Xyw1100g,デイリーデータ登録(個人期間指定),0,0,0,0,0,0
ADDDATA_06,Xyw1100g,デイリーデータ登録(個人期間指定),0,0,0,0,0,0
PLANED_001,Xyw1100g,デイリーデータ登録(個人期間指定),0,0,0,0,0,0
PLANED_002,Xyw1100g,デイリーデータ登録(個人期間指定),0,0,0,0,0,0
TIMENUM_01,Xyw8100,伝票型届出入力,0,0,0,0,0,0
TIMENUM_02,Xyw8100,伝票型届出入力,0,0,0,0,0,0
TIMENUM_03,Xyw8100,伝票型届出入力,0,0,0,0,0,0
TIMENUM_04,Xyw8100,伝票型届出入力,0,0,0,0,0,0
TIMENUM_05,Xyw8100,伝票型届出入力,0,0,0,0,0,0
TIMENUM_06,Xyw8100,伝票型届出入力,0,0,0,0,0,0
TIMENUM_07,Xyw8100,伝票型届出入力,0,0,0,0,0,0
TIMENUM_08,Xyw8100,伝票型届出入力,0,0,0,0,0,0
TIMENUM_09,Xyw8100,伝票型届出入力,0,0,0,0,0,0
TIMENUM_10,Xyw8100,伝票型届出入力,0,0,0,0,0,0
TIMENUM_11,Xyw8100,伝票型届出入力,0,0,0,0,0,0
TIMENUM_12,Xyw8100,伝票型届出入力,0,0,0,0,0,0
TIMENUM_13,Xyw8100,伝票型届出入力,0,0,0,0,0,0
TIMENUM_14,Xyw8100,伝票型届出入力,0,0,0,0,0,0
TIMENUM_15,Xyw8100,伝票型届出入力,0,0,0,0,0,0
TIMENUM_16,Xyw8100,伝票型届出入力,0,0,0,0,0,0
TIMENUM_17,Xyw8100,伝票型届出入力,0,0,0,0,0,0
TIMENUM_18,Xyw8100,伝票型届出入力,0,0,0,0,0,0
TIMENUM_19,Xyw8100,伝票型届出入力,0,0,0,0,0,0
TIMENUM_20,Xyw8100,伝票型届出入力,0,0,0,0,0,0
ADDDATA_01,Xyw8100,伝票型届出入力,0,0,0,0,0,0
ADDDATA_02,Xyw8100,伝票型届出入力,0,0,0,0,0,0
ADDDATA_03,Xyw8100,伝票型届出入力,0,0,0,0,0,0
ADDDATA_04,Xyw8100,伝票型届出入力,0,0,0,0,0,0
ADDDATA_05,Xyw8100,伝票型届出入力,0,0,0,0,0,0
ADDDATA_06,Xyw8100,伝票型届出入力,0,0,0,0,0,0
PLANED_001,Xyw8100,伝票型届出入力,0,0,0,0,0,0
PLANED_002,Xyw8100,伝票型届出入力,0,0,0,0,0,0
TIMENUM_01,Xyw8200g,デイリーデータ届出,0,0,0,0,0,0
TIMENUM_02,Xyw8200g,デイリーデータ届出,0,0,0,0,0,0
TIMENUM_03,Xyw8200g,デイリーデータ届出,0,0,0,0,0,0
TIMENUM_04,Xyw8200g,デイリーデータ届出,0,0,0,0,0,0
TIMENUM_05,Xyw8200g,デイリーデータ届出,0,0,0,0,0,0
TIMENUM_06,Xyw8200g,デイリーデータ届出,0,0,0,0,0,0
TIMENUM_07,Xyw8200g,デイリーデータ届出,0,0,0,0,0,0
TIMENUM_08,Xyw8200g,デイリーデータ届出,0,0,0,0,0,0
TIMENUM_09,Xyw8200g,デイリーデータ届出,0,0,0,0,0,0
TIMENUM_10,Xyw8200g,デイリーデータ届出,0,0,0,0,0,0
TIMENUM_11,Xyw8200g,デイリーデータ届出,0,0,0,0,0,0
TIMENUM_12,Xyw8200g,デイリーデータ届出,0,0,0,0,0,0
TIMENUM_13,Xyw8200g,デイリーデータ届出,0,0,0,0,0,0
TIMENUM_14,Xyw8200g,デイリーデータ届出,0,0,0,0,0,0
TIMENUM_15,Xyw8200g,デイリーデータ届出,0,0,0,0,0,0
TIMENUM_16,Xyw8200g,デイリーデータ届出,0,0,0,0,0,0
TIMENUM_17,Xyw8200g,デイリーデータ届出,0,0,0,0,0,0
TIMENUM_18,Xyw8200g,デイリーデータ届出,0,0,0,0,0,0
TIMENUM_19,Xyw8200g,デイリーデータ届出,0,0,0,0,0,0
TIMENUM_20,Xyw8200g,デイリーデータ届出,0,0,0,0,0,0
ADDDATA_01,Xyw8200g,デイリーデータ届出,0,0,0,0,0,0
ADDDATA_02,Xyw8200g,デイリーデータ届出,0,0,0,0,0,0
ADDDATA_03,Xyw8200g,デイリーデータ届出,0,0,0,0,0,0
ADDDATA_04,Xyw8200g,デイリーデータ届出,0,0,0,0,0,0
ADDDATA_05,Xyw8200g,デイリーデータ届出,0,0,0,0,0,0
ADDDATA_06,Xyw8200g,デイリーデータ届出,0,0,0,0,0,0
PLANED_001,Xyw8200g,デイリーデータ届出,0,0,0,0,0,0
PLANED_002,Xyw8200g,デイリーデータ届出,0,0,0,0,0,0
LEDGER_001,Xyw1500g,就業週報・月報,0,0,0,0,0,0
LEDGER_002,Xyw1500g,就業週報・月報,0,0,0,0,0,0
LEDGER_003,Xyw1500g,就業週報・月報,0,0,0,0,0,0
LEDGER_004,Xyw1500g,就業週報・月報,0,0,0,0,0,0
LEDGER_005,Xyw1500g,就業週報・月報,0,0,0,0,0,0
LEDGER_006,Xyw1500g,就業週報・月報,0,0,0,0,0,0
LEDGER_007,Xyw1500g,就業週報・月報,0,0,0,0,0,0
LEDGER_008,Xyw1500g,就業週報・月報,0,0,0,0,0,0
LEDGER_009,Xyw1500g,就業週報・月報,0,0,0,0,0,0
LEDGER_010,Xyw1500g,就業週報・月報,0,0,0,0,0,0
LEDGER_011,Xyw1500g,就業週報・月報,0,0,0,0,0,0
LEDGER_012,Xyw1500g,就業週報・月報,0,0,0,0,0,0
LEDGER_013,Xyw1500g,就業週報・月報,0,0,0,0,0,0
LEDGER_014,Xyw1500g,就業週報・月報,0,0,0,0,0,0
LEDGER_015,Xyw1500g,就業週報・月報,0,0,0,0,0,0
LEDGER_016,Xyw1500g,就業週報・月報,0,0,0,0,0,0
LEDGER_017,Xyw1500g,就業週報・月報,0,0,0,0,0,0
LEDGER_018,Xyw1500g,就業週報・月報,0,0,0,0,0,0
LEDGER_019,Xyw1500g,就業週報・月報,0,0,0,0,0,0
LEDGER_020,Xyw1500g,就業週報・月報,0,0,0,0,0,0
LEDGER_021,Xyw1500g,就業週報・月報,0,0,0,0,0,0
LEDGER_022,Xyw1500g,就業週報・月報,0,0,0,0,0,0
LEDGER_023,Xyw1500g,就業週報・月報,0,0,0,0,0,0
LEDGER_024,Xyw1500g,就業週報・月報,0,0,0,0,0,0
LEDGER_025,Xyw1500g,就業週報・月報,0,0,0,0,0,0
LEDGER_026,Xyw1500g,就業週報・月報,0,0,0,0,0,0
LEDGER_027,Xyw1500g,就業週報・月報,0,0,0,0,0,0
LEDGER_028,Xyw1500g,就業週報・月報,0,0,0,0,0,0
LEDGER_029,Xyw1500g,就業週報・月報,0,0,0,0,0,0
LEDGER_030,Xyw1500g,就業週報・月報,0,0,0,0,0,0
LEDGER_031,Xyw1500g,就業週報・月報,0,0,0,0,0,0
LEDGER_032,Xyw1500g,就業週報・月報,0,0,0,0,0,0
LEDGER_033,Xyw1500g,就業週報・月報,0,0,0,0,0,0
LEDGER_034,Xyw1500g,就業週報・月報,0,0,0,0,0,0
LEDGER_035,Xyw1500g,就業週報・月報,0,0,0,0,0,0
LEDGER_036,Xyw1500g,就業週報・月報,0,0,0,0,0,0
LEDGER_037,Xyw1500g,就業週報・月報,0,0,0,0,0,0
LEDGER_038,Xyw1500g,就業週報・月報,0,0,0,0,0,0
LEDGER_039,Xyw1500g,就業週報・月報,0,0,0,0,0,0
LEDGER_040,Xyw1500g,就業週報・月報,0,0,0,0,0,0
LEDGER_041,Xyw1500g,就業週報・月報,0,0,0,0,0,0
LEDGER_042,Xyw1500g,就業週報・月報,0,0,0,0,0,0
LEDGER_043,Xyw1500g,就業週報・月報,0,0,0,0,0,0
LEDGER_044,Xyw1500g,就業週報・月報,0,0,0,0,0,0
LEDGER_045,Xyw1500g,就業週報・月報,0,0,0,0,0,0
LEDGER_046,Xyw1500g,就業週報・月報,0,0,0,0,0,0
LEDGER_047,Xyw1500g,就業週報・月報,0,0,0,0,0,0
LEDGER_048,Xyw1500g,就業週報・月報,0,0,0,0,0,0
LEDGER_049,Xyw1500g,就業週報・月報,0,0,0,0,0,0
LEDGER_050,Xyw1500g,就業週報・月報,0,0,0,0,0,0
LEDGER_051,Xyw1500g,就業週報・月報,0,0,0,0,0,0
LEDGER_052,Xyw1500g,就業週報・月報,0,0,0,0,0,0
LEDGER_053,Xyw1500g,就業週報・月報,0,0,0,0,0,0
LEDGER_054,Xyw1500g,就業週報・月報,0,0,0,0,0,0
LEDGER_055,Xyw1500g,就業週報・月報,0,0,0,0,0,0
LEDGER_056,Xyw1500g,就業週報・月報,0,0,0,0,0,0
LEDGER_057,Xyw1500g,就業週報・月報,0,0,0,0,0,0
LEDGER_058,Xyw1500g,就業週報・月報,0,0,0,0,0,0
LEDGER_059,Xyw1500g,就業週報・月報,0,0,0,0,0,0
LEDGER_060,Xyw1500g,就業週報・月報,0,0,0,0,0,0
LEDGER_061,Xyw1500g,就業週報・月報,0,0,0,0,0,0
LEDGER_062,Xyw1500g,就業週報・月報,0,0,0,0,0,0
LEDGER_063,Xyw1500g,就業週報・月報,0,0,0,0,0,0
LEDGER_064,Xyw1500g,就業週報・月報,0,0,0,0,0,0
LEDGER_065,Xyw1500g,就業週報・月報,0,0,0,0,0,0
LEDGER_066,Xyw1500g,就業週報・月報,0,0,0,0,0,0
LEDGER_067,Xyw1500g,就業週報・月報,0,0,0,0,0,0
LEDGER_068,Xyw1500g,就業週報・月報,0,0,0,0,0,0
LEDGER_069,Xyw1500g,就業週報・月報,0,0,0,0,0,0
LEDGER_070,Xyw1500g,就業週報・月報,0,0,0,0,0,0
LEDGER_071,Xyw1500g,就業週報・月報,0,0,0,0,0,0
LEDGER_072,Xyw1500g,就業週報・月報,0,0,0,0,0,0
LEDGER_073,Xyw1500g,就業週報・月報,0,0,0,0,0,0
LEDGER_074,Xyw1500g,就業週報・月報,0,0,0,0,0,0
LEDGER_075,Xyw1500g,就業週報・月報,0,0,0,0,0,0
LEDGER_076,Xyw1500g,就業週報・月報,0,0,0,0,0,0
LEDGER_077,Xyw1500g,就業週報・月報,0,0,0,0,0,0
LEDGER_078,Xyw1500g,就業週報・月報,0,0,0,0,0,0
LEDGER_079,Xyw1500g,就業週報・月報,0,0,0,0,0,0
LEDGER_080,Xyw1500g,就業週報・月報,0,0,0,0,0,0
IDS_000542,Xyw8200g,デイリーデータ届出,0,0,0,0,0,0
DADILY_206,Xyw8200g,デイリーデータ届出,0,0,0,0,0,0
DADILY_206,Xyw1100g,デイリーデータ登録(個人期間指定),0,0,0,0,0,0
DADILY_199,Xyw8100,伝票型届出入力,0,0,0,0,0,0
DADILY_202,Xyw8100,伝票型届出入力,0,0,0,0,0,0
DADILY_207,Xyw8100,伝票型届出入力,0,0,0,0,0,0
DADILY_208,Xyw8100,伝票型届出入力,0,0,0,0,0,0
DADILY_017,Xyw1100,デイリーデータ修正,0,0,0,0,0,0
DADILY_036,Xyw1100,デイリーデータ修正,0,0,0,0,0,0
DADILY_093,Xyw1100,デイリーデータ修正,0,0,0,0,0,0
DADILY_094,Xyw1100,デイリーデータ修正,0,0,0,0,0,0
DADILY_095,Xyw1100,デイリーデータ修正,0,0,0,0,0,0
DADILY_096,Xyw1100,デイリーデータ修正,0,0,0,0,0,0
DADILY_112,Xyw1100,デイリーデータ修正,0,0,0,0,0,0
DADILY_113,Xyw1100,デイリーデータ修正,0,0,0,0,0,0
DADILY_115,Xyw1100,デイリーデータ修正,0,0,0,0,0,0
DADILY_116,Xyw1100,デイリーデータ修正,0,0,0,0,0,0
DADILY_117,Xyw1100,デイリーデータ修正,0,0,0,0,0,0
DADILY_118,Xyw1100,デイリーデータ修正,0,0,0,0,0,0
DADILY_119,Xyw1100,デイリーデータ修正,0,0,0,0,0,0
DADILY_174,Xyw1100,デイリーデータ修正,0,0,0,0,0,0
DADILY_175,Xyw1100,デイリーデータ修正,0,0,0,0,0,0
DADILY_176,Xyw1100,デイリーデータ修正,0,0,0,0,0,0
DADILY_177,Xyw1100,デイリーデータ修正,0,0,0,0,0,0
DADILY_178,Xyw1100,デイリーデータ修正,0,0,0,0,0,0
DADILY_179,Xyw1100,デイリーデータ修正,0,0,0,0,0,0
DADILY_181,Xyw1100,デイリーデータ修正,0,0,0,0,0,0
DADILY_182,Xyw1100,デイリーデータ修正,0,0,0,0,0,0
IDS_000525,Xyw1100,デイリーデータ修正,0,0,0,0,0,0
IDS_000526,Xyw1100,デイリーデータ修正,0,0,0,0,0,0
IDS_000527,Xyw1100,デイリーデータ修正,0,0,0,0,0,0
IDS_000528,Xyw1100,デイリーデータ修正,0,0,0,0,0,0
IDS_000007,Xyw1100,デイリーデータ修正,0,0,0,0,0,0
IDS_000004,Xyw1100,デイリーデータ修正,0,0,0,0,0,0
IDS_000000,Xyw1100,デイリーデータ修正,0,0,0,0,0,0
IDS_000045,Xyw1100,デイリーデータ修正,0,0,0,0,0,0
IDS_000473,Xyw1100,デイリーデータ修正,0,0,0,0,0,0
IDS_000474,Xyw1100,デイリーデータ修正,0,0,0,0,0,0
IDS_000475,Xyw1100,デイリーデータ修正,0,0,0,0,0,0
IDS_000476,Xyw1100,デイリーデータ修正,0,0,0,0,0,0
IDS_000477,Xyw1100,デイリーデータ修正,0,0,0,0,0,0
IDS_000478,Xyw1100,デイリーデータ修正,0,0,0,0,0,0
IDS_000479,Xyw1100,デイリーデータ修正,0,0,0,0,0,0
IDS_000480,Xyw1100,デイリーデータ修正,0,0,0,0,0,0
IDS_000481,Xyw1100,デイリーデータ修正,0,0,0,0,0,0
IDS_000482,Xyw1100,デイリーデータ修正,0,0,0,0,0,0
IDS_000569,Xyw1100,デイリーデータ修正,0,0,0,0,0,0
IDS_000570,Xyw1100,デイリーデータ修正,0,0,0,0,0,0
IDS_000571,Xyw1100,デイリーデータ修正,0,0,0,0,0,0
IDS_000572,Xyw1100,デイリーデータ修正,0,0,0,0,0,0
IDS_000573,Xyw1100,デイリーデータ修正,0,0,0,0,0,0
IDS_000574,Xyw1100,デイリーデータ修正,0,0,0,0,0,0
IDS_000575,Xyw1100,デイリーデータ修正,0,0,0,0,0,0
IDS_000576,Xyw1100,デイリーデータ修正,0,0,0,0,0,0
IDS_000577,Xyw1100,デイリーデータ修正,0,0,0,0,0,0
IDS_000578,Xyw1100,デイリーデータ修正,0,0,0,0,0,0
IDS_000579,Xyw1100,デイリーデータ修正,0,0,0,0,0,0
IDS_000580,Xyw1100,デイリーデータ修正,0,0,0,0,0,0
IDS_000581,Xyw1100,デイリーデータ修正,0,0,0,0,0,0
IDS_000583,Xyw1100,デイリーデータ修正,0,0,0,0,0,0
IDS_000584,Xyw1100,デイリーデータ修正,0,0,0,0,0,0
IDS_000585,Xyw1100,デイリーデータ修正,0,0,0,0,0,0
IDS_000586,Xyw1100,デイリーデータ修正,0,0,0,0,0,0
IDS_000587,Xyw1100,デイリーデータ修正,0,0,0,0,0,0
IDS_000588,Xyw1100,デイリーデータ修正,0,0,0,0,0,0
TIMEOUT_01,Xyw1100,デイリーデータ修正,0,0,0,0,0,0
TIMEOUT_02,Xyw1100,デイリーデータ修正,0,0,0,0,0,0
TIMEOUT_03,Xyw1100,デイリーデータ修正,0,0,0,0,0,0
TIMEOUT_04,Xyw1100,デイリーデータ修正,0,0,0,0,0,0
TIMEOUT_05,Xyw1100,デイリーデータ修正,0,0,0,0,0,0
TIMENUM_01,Xyw1100,デイリーデータ修正,0,0,0,0,0,0
TIMENUM_02,Xyw1100,デイリーデータ修正,0,0,0,0,0,0
TIMENUM_03,Xyw1100,デイリーデータ修正,0,0,0,0,0,0
TIMENUM_04,Xyw1100,デイリーデータ修正,0,0,0,0,0,0
TIMENUM_05,Xyw1100,デイリーデータ修正,0,0,0,0,0,0
TIMENUM_06,Xyw1100,デイリーデータ修正,0,0,0,0,0,0
TIMENUM_07,Xyw1100,デイリーデータ修正,0,0,0,0,0,0
TIMENUM_08,Xyw1100,デイリーデータ修正,0,0,0,0,0,0
TIMENUM_09,Xyw1100,デイリーデータ修正,0,0,0,0,0,0
TIMENUM_10,Xyw1100,デイリーデータ修正,0,0,0,0,0,0
TIMENUM_11,Xyw1100,デイリーデータ修正,0,0,0,0,0,0
TIMENUM_12,Xyw1100,デイリーデータ修正,0,0,0,0,0,0
TIMENUM_13,Xyw1100,デイリーデータ修正,0,0,0,0,0,0
TIMENUM_14,Xyw1100,デイリーデータ修正,0,0,0,0,0,0
TIMENUM_15,Xyw1100,デイリーデータ修正,0,0,0,0,0,0
TIMENUM_16,Xyw1100,デイリーデータ修正,0,0,0,0,0,0
TIMENUM_17,Xyw1100,デイリーデータ修正,0,0,0,0,0,0
TIMENUM_18,Xyw1100,デイリーデータ修正,0,0,0,0,0,0
TIMENUM_19,Xyw1100,デイリーデータ修正,0,0,0,0,0,0
TIMENUM_20,Xyw1100,デイリーデータ修正,0,0,0,0,0,0
ADDDATA_01,Xyw1100,デイリーデータ修正,0,0,0,0,0,0
ADDDATA_02,Xyw1100,デイリーデータ修正,0,0,0,0,0,0
ADDDATA_03,Xyw1100,デイリーデータ修正,0,0,0,0,0,0
ADDDATA_04,Xyw1100,デイリーデータ修正,0,0,0,0,0,0
ADDDATA_05,Xyw1100,デイリーデータ修正,0,0,0,0,0,0
ADDDATA_06,Xyw1100,デイリーデータ修正,0,0,0,0,0,0
PLANED_001,Xyw1100,デイリーデータ修正,0,0,0,0,0,0
PLANED_002,Xyw1100,デイリーデータ修正,0,0,0,0,0,0